experiment_id,policy,workload,seed,repetition,function,sla_compliance,cold_start_rate,p50_latency,p95_latency,p99_latency,p95_queue,container_seconds,invocation_count
reactive_burst_001_101,reactive,burst_001,101,1,hello,47.43,5.71,1079.07,7339.21,7867.74,7111.19,348.51,175
predictive_ema_burst_001_101,predictive_ema,burst_001,101,1,hello,48.82,5.88,1187.43,8115.20,9070.08,7844.23,343.20,170
predictive_hybrid_burst_001_101,predictive_hybrid,burst_001,101,1,hello,52.22,5.56,863.99,6131.22,6646.25,5903.96,344.47,180
mpc_burst_001_101,mpc,burst_001,101,1,hello,52.22,5.56,909.44,6835.73,7764.32,6593.43,357.33,180
adaptive_burst_001_101,adaptive,burst_001,101,1,hello,36.77,6.45,3265.77,11172.03,13010.37,10896.08,416.83,155
reactive_periodic_001_101,reactive,periodic_001,101,1,hello,45.45,8.26,1091.18,3145.72,3429.42,2851.85,348.33,121
predictive_ema_periodic_001_101,predictive_ema,periodic_001,101,1,hello,60.00,6.06,805.48,2400.96,2683.42,2154.53,358.21,165
predictive_hybrid_periodic_001_101,predictive_hybrid,periodic_001,101,1,hello,40.91,9.09,1303.51,3539.98,3940.35,3210.04,336.48,110
mpc_periodic_001_101,mpc,periodic_001,101,1,hello,38.02,8.26,1354.86,3254.53,3861.60,2987.38,350.15,121
adaptive_periodic_001_101,adaptive,periodic_001,101,1,hello,41.98,5.34,1163.48,2968.81,3302.84,2661.84,250.00,131
reactive_mixed_001_101,reactive,mixed_001,101,1,compute,26.67,24.44,1605.92,6923.50,7067.20,4667.57,215.57,45
reactive_mixed_001_101,reactive,mixed_001,101,1,hello,44.00,16.00,1330.03,4453.57,6198.88,3045.48,205.07,50
predictive_ema_mixed_001_101,predictive_ema,mixed_001,101,1,compute,35.09,17.54,1538.04,4935.02,5200.23,3800.60,244.83,57
predictive_ema_mixed_001_101,predictive_ema,mixed_001,101,1,hello,38.18,14.55,1216.64,3600.84,5024.14,2944.05,217.27,55
predictive_hybrid_mixed_001_101,predictive_hybrid,mixed_001,101,1,compute,60.87,17.39,879.34,3346.97,3640.13,2129.80,172.07,46
predictive_hybrid_mixed_001_101,predictive_hybrid,mixed_001,101,1,hello,62.71,15.25,811.91,4124.82,4981.79,3294.04,220.48,59
adaptive_mixed_001_101,adaptive,mixed_001,101,1,compute,20.45,11.36,2026.72,5331.24,6365.94,4509.10,176.89,44
adaptive_mixed_001_101,adaptive,mixed_001,101,1,hello,2.86,17.14,2850.04,7239.47,7367.53,6774.35,176.81,35
reactive_burst_001_202,reactive,burst_001,202,2,hello,12.17,8.70,7492.76,17198.57,18454.13,16767.86,432.57,115
predictive_ema_burst_001_202,predictive_ema,burst_001,202,2,hello,27.41,7.41,5656.85,21178.20,25086.97,20164.27,516.26,135
predictive_hybrid_burst_001_202,predictive_hybrid,burst_001,202,2,hello,20.83,8.33,5077.11,14216.90,15409.77,13908.78,343.15,120
mpc_burst_001_202,mpc,burst_001,202,2,hello,9.52,9.52,7081.05,12646.29,14029.35,12385.45,338.09,105
adaptive_burst_001_202,adaptive,burst_001,202,2,hello,15.38,7.69,5109.57,10430.26,12399.11,10149.46,338.04,130
reactive_periodic_001_202,reactive,periodic_001,202,2,hello,63.52,6.29,805.61,2371.09,3242.04,2004.71,353.80,159
predictive_ema_periodic_001_202,predictive_ema,periodic_001,202,2,hello,61.49,6.21,818.57,2612.20,3104.44,2394.14,357.55,161
predictive_hybrid_periodic_001_202,predictive_hybrid,periodic_001,202,2,hello,56.96,6.33,924.48,2647.10,2950.31,2372.46,355.50,158
mpc_periodic_001_202,mpc,periodic_001,202,2,hello,65.50,5.85,736.52,2315.86,2649.96,2091.99,358.25,171
adaptive_periodic_001_202,adaptive,periodic_001,202,2,hello,55.90,4.35,894.32,2596.25,3054.91,2264.42,246.99,161
reactive_mixed_001_202,reactive,mixed_001,202,2,hello,65.38,16.67,788.12,1998.92,2656.34,1494.29,257.50,78
reactive_mixed_001_202,reactive,mixed_001,202,2,compute,78.89,7.78,664.47,1417.68,1997.55,1065.23,234.61,90
predictive_ema_mixed_001_202,predictive_ema,mixed_001,202,2,hello,73.17,13.41,643.42,1797.64,2114.14,1377.95,241.14,82
predictive_ema_mixed_001_202,predictive_ema,mixed_001,202,2,compute,71.26,12.64,649.94,2042.43,2668.97,1682.07,253.37,87
predictive_hybrid_mixed_001_202,predictive_hybrid,mixed_001,202,2,hello,70.97,9.68,705.44,1801.63,1914.68,1350.11,244.78,93
predictive_hybrid_mixed_001_202,predictive_hybrid,mixed_001,202,2,compute,79.52,9.64,637.51,1509.09,1972.08,1080.02,233.91,83
mpc_mixed_001_202,mpc,mixed_001,202,2,hello,91.07,8.04,509.52,1089.92,1353.89,839.72,284.47,112
adaptive_mixed_001_202,adaptive,mixed_001,202,2,hello,55.06,5.62,889.14,2387.10,2739.16,2119.27,163.71,89
adaptive_mixed_001_202,adaptive,mixed_001,202,2,compute,72.09,4.65,782.46,1690.88,2525.85,1389.46,137.40,86
reactive_burst_001_303,reactive,burst_001,303,3,hello,53.07,5.59,881.89,7219.13,7806.07,6933.86,355.40,179
predictive_ema_burst_001_303,predictive_ema,burst_001,303,3,hello,46.47,5.88,1460.35,7172.32,7816.34,6916.12,356.61,170
predictive_hybrid_burst_001_303,predictive_hybrid,burst_001,303,3,hello,46.86,5.71,1333.62,7231.27,8342.92,6999.26,348.61,175
mpc_burst_001_303,mpc,burst_001,303,3,hello,47.43,5.71,1381.76,6792.89,7251.36,6559.25,348.00,175
adaptive_burst_001_303,adaptive,burst_001,303,3,hello,41.82,6.06,2357.82,8338.07,9922.05,8100.89,371.17,165
reactive_periodic_001_303,reactive,periodic_001,303,3,hello,69.41,5.88,709.33,2148.66,2332.81,1897.40,359.06,170
predictive_ema_periodic_001_303,predictive_ema,periodic_001,303,3,hello,63.91,5.92,793.77,2347.54,2772.06,2100.93,354.14,169
predictive_hybrid_periodic_001_303,predictive_hybrid,periodic_001,303,3,hello,67.39,5.43,698.50,1948.22,2310.09,1683.46,355.73,184
mpc_periodic_001_303,mpc,periodic_001,303,3,hello,56.52,6.21,932.32,2463.48,2695.51,2233.74,353.54,161
adaptive_periodic_001_303,adaptive,periodic_001,303,3,hello,54.30,5.30,933.24,2349.49,3227.77,2119.89,291.32,151
reactive_mixed_001_303,reactive,mixed_001,303,3,hello,74.39,13.41,688.36,1814.17,2340.42,1527.96,256.91,82
reactive_mixed_001_303,reactive,mixed_001,303,3,compute,66.00,8.00,662.24,1527.60,2161.25,1279.18,261.52,100
predictive_ema_mixed_001_303,predictive_ema,mixed_001,303,3,hello,72.29,13.25,670.81,1895.04,2171.97,1483.88,265.14,83
predictive_ema_mixed_001_303,predictive_ema,mixed_001,303,3,compute,69.74,14.47,675.74,2102.91,4371.18,1756.81,251.11,76
predictive_hybrid_mixed_001_303,predictive_hybrid,mixed_001,303,3,hello,72.04,8.60,732.45,1557.13,1713.50,1233.25,246.12,93
predictive_hybrid_mixed_001_303,predictive_hybrid,mixed_001,303,3,compute,73.75,11.25,741.16,1648.32,3014.47,1213.93,252.95,80
mpc_mixed_001_303,mpc,mixed_001,303,3,hello,91.85,5.93,480.62,1034.69,1181.83,731.58,269.39,135
adaptive_mixed_001_303,adaptive,mixed_001,303,3,hello,65.59,5.38,767.66,1828.30,2137.34,1495.41,150.41,93
adaptive_mixed_001_303,adaptive,mixed_001,303,3,compute,60.87,5.43,850.82,1751.11,2011.22,1438.03,148.51,92
reactive_burst_001_404,reactive,burst_001,404,4,hello,50.00,5.62,977.61,6842.98,7552.63,6600.37,343.63,178
predictive_ema_burst_001_404,predictive_ema,burst_001,404,4,hello,46.86,5.71,1234.36,8013.88,9514.43,7780.20,380.86,175
predictive_hybrid_burst_001_404,predictive_hybrid,burst_001,404,4,hello,44.57,5.71,1396.31,10946.22,12084.04,10716.44,399.28,175
mpc_burst_001_404,mpc,burst_001,404,4,hello,46.34,6.10,1311.72,8553.42,9268.87,8299.96,347.26,164
adaptive_burst_001_404,adaptive,burst_001,404,4,hello,35.10,6.62,2953.12,8308.11,9324.12,8071.80,335.45,151
reactive_periodic_001_404,reactive,periodic_001,404,4,hello,69.40,5.46,726.89,2378.40,2697.94,2118.04,358.45,183
predictive_ema_periodic_001_404,predictive_ema,periodic_001,404,4,hello,63.74,5.85,762.03,2171.03,2447.02,1887.81,361.19,171
predictive_hybrid_periodic_001_404,predictive_hybrid,periodic_001,404,4,hello,69.35,5.38,738.39,1862.37,2141.76,1584.72,358.17,186
mpc_periodic_001_404,mpc,periodic_001,404,4,hello,62.75,6.54,820.62,1989.58,2300.09,1713.98,354.11,153
adaptive_periodic_001_404,adaptive,periodic_001,404,4,hello,56.47,4.12,844.11,2230.48,2524.37,2005.99,237.55,170
reactive_mixed_001_404,reactive,mixed_001,404,4,compute,73.47,10.20,648.41,1550.71,1733.03,1222.62,285.44,98
reactive_mixed_001_404,reactive,mixed_001,404,4,hello,74.71,11.49,679.81,2210.47,2424.92,1722.39,250.71,87
predictive_ema_mixed_001_404,predictive_ema,mixed_001,404,4,hello,63.41,9.76,773.39,1864.04,2412.61,1590.58,212.53,82
predictive_ema_mixed_001_404,predictive_ema,mixed_001,404,4,compute,79.25,10.38,625.36,1661.92,1987.24,1340.26,280.74,106
predictive_hybrid_mixed_001_404,predictive_hybrid,mixed_001,404,4,hello,73.40,9.57,627.20,1440.40,1697.28,1119.31,270.71,94
predictive_hybrid_mixed_001_404,predictive_hybrid,mixed_001,404,4,compute,77.27,9.09,699.60,1478.87,1577.24,1185.11,215.66,88
mpc_mixed_001_404,mpc,mixed_001,404,4,hello,96.92,6.92,449.62,883.73,1245.25,667.90,275.70,130
adaptive_mixed_001_404,adaptive,mixed_001,404,4,hello,69.89,6.45,714.99,1581.05,2090.52,1311.27,178.44,93
adaptive_mixed_001_404,adaptive,mixed_001,404,4,compute,72.04,4.30,700.20,1665.31,1784.12,1296.23,145.61,93
reactive_burst_001_505,reactive,burst_001,505,5,hello,53.55,5.46,774.65,7192.98,7568.07,6813.02,353.88,183
predictive_ema_burst_001_505,predictive_ema,burst_001,505,5,hello,49.71,5.71,1008.12,7560.61,8581.05,7327.76,345.62,175
predictive_hybrid_burst_001_505,predictive_hybrid,burst_001,505,5,hello,52.51,5.59,845.12,6419.12,7862.51,6175.67,343.64,179
mpc_burst_001_505,mpc,burst_001,505,5,hello,47.65,5.88,1300.10,6602.50,7853.02,6363.40,343.52,170
adaptive_burst_001_505,adaptive,burst_001,505,5,hello,44.38,5.92,1498.29,7212.31,8071.94,6952.72,334.78,169
reactive_periodic_001_505,reactive,periodic_001,505,5,hello,69.54,5.75,722.20,2053.58,2400.79,1792.73,352.60,174
predictive_hybrid_periodic_001_505,predictive_hybrid,periodic_001,505,5,hello,40.00,9.09,1181.08,3684.07,3890.68,2899.30,319.13,110
mpc_periodic_001_505,mpc,periodic_001,505,5,hello,50.00,7.46,996.34,2986.75,3254.53,2676.72,340.22,134
adaptive_periodic_001_505,adaptive,periodic_001,505,5,hello,42.45,5.04,1207.67,2789.76,3165.60,2408.35,242.27,139
reactive_mixed_001_505,reactive,mixed_001,505,5,hello,44.93,18.84,1119.31,2987.76,3835.13,1999.58,260.47,69
reactive_mixed_001_505,reactive,mixed_001,505,5,compute,63.51,12.16,740.92,2293.55,3264.43,1903.63,251.91,74
predictive_ema_mixed_001_505,predictive_ema,mixed_001,505,5,compute,0.00,100.00,2749.71,4590867.56,5508431.97,2557.09,50.00,5
predictive_ema_mixed_001_505,predictive_ema,mixed_001,505,5,hello,0.00,100.00,2956.89,3086.52,3098.04,2338.82,20.00,2
predictive_hybrid_mixed_001_505,predictive_hybrid,mixed_001,505,5,hello,51.79,17.86,983.80,3333.28,3609.39,2606.40,235.71,56
predictive_hybrid_mixed_001_505,predictive_hybrid,mixed_001,505,5,compute,53.70,14.81,924.87,3896.77,4295.79,3052.59,192.91,54
mpc_mixed_001_505,mpc,mixed_001,505,5,hello,83.33,9.80,628.05,1505.03,1935.65,1060.31,272.26,102
adaptive_mixed_001_505,adaptive,mixed_001,505,5,compute,54.55,7.79,919.03,1984.41,2160.91,1602.55,150.80,77
adaptive_mixed_001_505,adaptive,mixed_001,505,5,hello,45.45,6.49,1114.83,2251.88,2491.61,1960.91,143.04,77
